pressure_factor,delta_prime_21_real,delta_prime_21_imag,delta_prime_31_real,delta_prime_31_imag,delta_W_plasma,delta_W_vacuum,delta_W_total,q_edge
1.0000000000e-03,1.0166533132e+01,-8.8572565126e-04,1.1405751895e+00,-4.6673598911e-02,2.2506009992e-01,9.3290589013e-01,1.1579659900e+00,3.5715579992e+00
5.0000000000e-03,1.0160744248e+01,-5.8099383211e-04,1.1791148005e+00,2.0215179476e-02,2.1757022616e-01,9.3375651261e-01,1.1513267388e+00,3.5717822171e+00
1.0000000000e-02,1.0223698548e+01,-1.1214734440e-03,1.3198323837e+00,6.9571371638e-02,2.0752515688e-01,9.3584922362e-01,1.1433743805e+00,3.5718453495e+00
2.0000000000e-02,1.0405814435e+01,2.1354772818e-05,1.5970405126e+00,4.6300526661e-03,1.8414516993e-01,9.3816339415e-01,1.1223085641e+00,3.5725319669e+00
3.0000000000e-02,1.0743424680e+01,-2.4789257679e-03,1.9285466292e+00,5.3793934463e-02,1.5672768512e-01,9.4106799594e-01,1.0977956811e+00,3.5732466396e+00
4.0000000000e-02,1.1097961729e+01,9.5416920822e-03,2.3772577044e+00,1.0572472734e-04,1.2527505782e-01,9.4470091748e-01,1.0699759753e+00,3.5739903966e+00
5.0000000000e-02,1.1541303371e+01,3.5910894977e-03,2.8832278971e+00,2.3110975191e-02,8.8924411178e-02,9.4942194444e-01,1.0383463556e+00,3.5747115228e+00
6.0000000000e-02,1.1984050440e+01,-2.0278759067e-03,3.5928295539e+00,4.6648322885e-02,4.7422583073e-02,9.5288278225e-01,1.0003053653e+00,3.5760200463e+00
7.0000000000e-02,1.2724779856e+01,3.9283359688e-02,4.3954244511e+00,9.5618874406e-02,1.7363128390e-04,9.5911852765e-01,9.5929215893e-01,3.5770256135e+00
8.0000000000e-02,1.3860022729e+01,-3.9805214889e-02,5.4173454854e+00,-1.4076821700e-01,-5.3123080221e-02,9.6594739204e-01,9.1282431182e-01,3.5783192053e+00
1.0000000000e-01,1.6445557758e+01,-1.4505365732e-02,8.3408107980e+00,-7.9258025709e-03,-1.8167431391e-01,9.8379190836e-01,8.0211759446e-01,3.5816141471e+00
1.1000000000e-01,1.8272062356e+01,2.1411948050e-02,1.0403837875e+01,-1.6300575805e-02,-2.5854696960e-01,9.9691295411e-01,7.3836598451e-01,3.5833926457e+00
1.2000000000e-01,2.1091637695e+01,-4.3580292105e-03,1.3152564869e+01,1.5510139394e-03,-3.4509298887e-01,1.0122367484e+00,6.6714375952e-01,3.5856149323e+00
1.3000000000e-01,2.4936223512e+01,2.0931151837e-02,1.6962906314e+01,-4.0753642484e-02,-4.4347089547e-01,1.0338329105e+00,5.9036201503e-01,3.5875884882e+00
1.4000000000e-01,2.9963757907e+01,1.7400085902e-03,2.2561129643e+01,-5.2879121737e-02,-5.5392612315e-01,1.0591529781e+00,5.0522685497e-01,3.5901376343e+00
1.4500000000e-01,3.3875241532e+01,2.2095580956e-02,2.6484348088e+01,4.9878900678e-02,-6.1484876656e-01,1.0748295460e+00,4.5998077942e-01,3.5913601925e+00
1.5000000000e-01,3.8654059113e+01,4.0127859750e-02,3.1370261293e+01,1.5900329286e-02,-6.7929565772e-01,1.0913095403e+00,4.1201388258e-01,3.5928796741e+00
1.5250000000e-01,4.1859165559e+01,-2.6082868655e-02,3.4576083769e+01,-2.4485093969e-02,-7.1385014680e-01,1.1014868619e+00,3.8763671505e-01,3.5934080671e+00
1.5500000000e-01,4.5405607218e+01,-6.0050929333e-03,3.8247673373e+01,1.3465163901e-02,-7.4862151972e-01,1.1112812784e+00,3.6265975866e-01,3.5941499969e+00
1.5750000000e-01,4.9691610946e+01,6.6333000899e-02,4.2328229053e+01,4.8280270958e-02,-7.8464318584e-01,1.1218377765e+00,3.3719459071e-01,3.5948631392e+00
1.6000000000e-01,5.4562217937e+01,-1.1768515216e-01,4.7565855423e+01,1.0137644944e-02,-8.2251120432e-01,1.1336212576e+00,3.1111005327e-01,3.5954589644e+00
1.6250000000e-01,6.0630845512e+01,5.2665330351e-02,5.3867937948e+01,1.0631034397e-02,-8.6153301501e-01,1.1458617270e+00,2.8432871200e-01,3.5961264707e+00
1.6500000000e-01,6.7897295423e+01,1.7126277814e-02,6.1716232140e+01,2.1848798185e-02,-9.0060426993e-01,1.1572416612e+00,2.5663739128e-01,3.5971282647e+00
1.6625000000e-01,7.2771716745e+01,-1.0353743898e-02,6.6508871027e+01,-1.7265724256e-03,-9.2185162419e-01,1.1644684268e+00,2.4261680259e-01,3.5973855660e+00
1.6740000000e-01,7.7045238329e+01,4.0742084496e-02,7.1432410384e+01,1.5800160177e-02,-9.4095396992e-01,1.1706671521e+00,2.2971318221e-01,3.5977333132e+00
1.6750000000e-01,7.7709623285e+01,1.4300092496e-02,7.1956730390e+01,1.0487633319e-02,-9.4292934303e-01,1.1715479599e+00,2.2861861685e-01,3.5976863923e+00
1.7000000000e-01,9.0975508928e+01,-3.5402644191e-03,8.5523074479e+01,4.1398379502e-03,-9.8500752403e-01,1.1848614170e+00,1.9985389293e-01,3.5986458744e+00
1.7250000000e-01,1.0973048210e+02,-4.0966199153e-03,1.0429832651e+02,-2.2022062687e-03,-1.0291790613e+00,1.2000199142e+00,1.7084085287e-01,3.5993498178e+00
1.7500000000e-01,1.3715083440e+02,-4.8934667317e-02,1.3231384028e+02,2.4300462699e-02,-1.0754814913e+00,1.2165718508e+00,1.4109035947e-01,3.5999968616e+00
1.7750000000e-01,1.8126698227e+02,-4.6738386622e-02,1.7836530833e+02,1.1444228332e-02,-1.1258580552e+00,1.2371832839e+00,1.1132522862e-01,3.6001175043e+00
1.8000000000e-01,2.7362990880e+02,-1.4019888632e-02,2.7362289389e+02,-1.4344178378e-02,-1.1796171900e+00,1.2591506002e+00,7.9533410228e-02,3.5999647292e+00
1.8225000000e-01,4.9389898749e+02,9.0849220653e-02,5.0120354570e+02,6.6382593648e-03,-1.2287608941e+00,1.2796690984e+00,5.0908204285e-02,3.6000550073e+00
1.8250000000e-01,5.3307048048e+02,-1.5954758666e-01,5.4380160133e+02,-1.0830753979e-02,-1.2337718855e+00,1.2818877506e+00,4.8115865079e-02,3.6001114663e+00
1.8275000000e-01,5.9913159233e+02,6.5445359209e-02,6.1060079309e+02,-2.7195684619e-03,-1.2398001386e+00,1.2842959089e+00,4.4495770379e-02,3.6000652701e+00
1.8300000000e-01,6.9046727748e+02,-5.9184998378e-02,7.0546407847e+02,-4.2441448417e-03,-1.2463769494e+00,1.2868757894e+00,4.0498839999e-02,3.5999124117e+00
1.8325000000e-01,7.8253126168e+02,6.0077504227e-02,7.9987529173e+02,-1.1613888666e-02,-1.2517199276e+00,1.2892043678e+00,3.7484440177e-02,3.5999620257e+00
1.8350000000e-01,9.5185717643e+02,-1.2061668380e-01,9.7721938963e+02,-1.0629641276e-02,-1.2584804346e+00,1.2918142315e+00,3.3333796857e-02,3.5997831406e+00
1.8375000000e-01,1.0859753567e+03,-9.7863276230e-02,1.1160475469e+03,-1.6886234478e-03,-1.2629441194e+00,1.2939257460e+00,3.0981626662e-02,3.5999603251e+00
1.8425000000e-01,1.8825913621e+03,5.9698154479e-02,1.9342465755e+03,1.0709255321e-02,-1.2749666368e+00,1.2989219082e+00,2.3955271394e-02,3.5999069328e+00
1.8450000000e-01,2.3859360862e+03,-1.4732452336e-01,2.4612924116e+03,-3.4165455911e-03,-1.2791042390e+00,1.3009964982e+00,2.1892259272e-02,3.6001367477e+00
1.8475000000e-01,5.2462258442e+03,7.4745908905e-03,5.3981049895e+03,-1.1768649925e-03,-1.2859976105e+00,1.3037068432e+00,1.7709232698e-02,3.5999580795e+00
1.8500000000e-01,4.3866235542e+04,6.6922160213e-03,4.5254371655e+04,-4.0148740575e-03,-1.2914660025e+00,1.3061012643e+00,1.4635261737e-02,3.6000429368e+00
